"Decay Calculations for Bk-245 for 0.040893139 days",,
Nuclide,Activity,Integrated Activity (days)
Bk-245  ,0.9943,3523
Cm-245  ,9.093E-09,0.00001608
Pu-241  ,2.461E-14,5.828E-11
Am-241  ,2.149E-10,0.00000038
U-237   ,8.435E-22,7.182E-16
Np-237  ,3.892E-21,0
Pa-233  ,1.367E-24,0
U-233   ,2.524E-29,0
Th-229  ,1.616E-27,0
Ra-225  ,1.616E-27,0
Ac-225  ,0,0
Fr-221  ,0,0
At-217  ,5.049E-29,0
Bi-213  ,0,0
Po-213  ,5.049E-29,0
Tl-209  ,0,0
Pb-209  ,1.262E-28,0
