"Decay Calculations for Po-218 for 20.36118666 minutes",,
Nuclide,Activity,Integrated Activity (days)
Po-218  ,0.01054,265.5
Pb-214  ,0.07586,89.48
At-218  ,0.000002125,0.0531
Bi-214  ,0.03847,23.27
Rn-218  ,2.125E-09,0.0000531
Po-214  ,0.03846,23.27
Tl-210  ,0.000007486,0.004045
Pb-210  ,2.303E-08,0.000008807
Bi-210  ,1.409E-11,3.995E-09
Hg-206  ,1.658E-16,5.034E-14
Po-210  ,2.316E-16,6.321E-14
Tl-206  ,8.966E-17,2.302E-14
