"Decay Calculations for Tb-147 for 3584.108395 minutes",,
Nuclide,Activity,Integrated Activity (days)
Tb-147  ,1.085E-11,8518
Gd-147  ,0.01517,5515
Eu-147  ,0.001764,216.9
Sm-147  ,4.494E-17,3.024E-12
Pm-143  ,1.441E-10,0.00001083
